sample	contig	contig_total_motifs	n_Chon_soil115	motifs_Chon_soil115	n_Ghos_soil100	motifs_Ghos_soil100	n_Chon_soil90	motifs_Chon_soil90	max_shared
soil_90	SR-VP_07_25_2022_A1_90cm_PACBIO-HIFI_METAMDBG_639135_C	54	4	CGYGAG;GAAGNNNNNGGG;GATC;GCANNNNNNNNTTCA	0		15	BNNWGACCNGNTNNNNNNNNNNNNNG;CGYGAG;CTNMAG;GAAGNNNNNGGG;GAANNNNNTCAA;GATC;GCANNNNNNNNTTCA;GCANNNNNTTCC;GGAANNNNNTGC;GGDRCCV;GGRCC;SHGATATCNNNT;TGAANNNNNNNNTGC;TTGANNNNNTTCNB;WTNNNNNSGCGCCS	15
soil_115	SR-VP_07_25_2022_A1_115cm_PACBIO-HIFI_METAMDBG_407283_C	12	3	GATC;GGRNCY;GWTATC	0		2	CTNMAG;GATC	3
soil_115	SR-VP_07_25_2022_A1_115cm_PACBIO-HIFI_METAMDBG_409148_L	10	0		2	CATATG;GGNCC	0		2
soil_2	SR-VP_9_9_2021_34_2B_1_4m_PACBIO-HIFI_HIFIASM-META_38_C	11	0		2	CATATG;GGNCC	0		2
soil_60	SR-VP_07_25_2022_A1_60cm_PACBIO-HIFI_METAMDBG_550211_L	7	0		2	CATATG;GGNCC	0		2
soil_60	SR-VP_07_25_2022_A1_60cm_PACBIO-HIFI_METAMDBG_550971_L	7	0		2	CATATG;GGNCC	0		2
soil_60	SR-VP_07_25_2022_A1_60cm_PACBIO-HIFI_METAMDBG_550530_L	8	0		2	CATATG;GGNCC	0		2
soil_60	SR-VP_07_25_2022_A1_60cm_PACBIO-HIFI_METAMDBG_551069_L	10	0		2	CATATG;GGNCC	0		2
soil_90	SR-VP_07_25_2022_A1_90cm_PACBIO-HIFI_METAMDBG_639950_L	8	0		2	CATATG;GGNCC	0		2
soil_90	SR-VP_07_25_2022_A1_90cm_PACBIO-HIFI_METAMDBG_640423_L	9	0		2	CATATG;GGNCC	0		2
soil_90	SR-VP_07_25_2022_A1_90cm_PACBIO-HIFI_METAMDBG_640486_L	6	0		2	CATATG;GGNCC	0		2
